"id","username","discriminator","nickname","avatar","bot"
"66153853824802816","nepeat","0001",NA,"b2706ffe00c53511ea3039dad395446f",NA
"71715884892168192","juujee","8014",NA,NA,NA
"80691940135276544","Popi the Feeder","5216",NA,"d674511a413a8abe1488af3911c8a19a",NA
"81017579937738752","rococo","5037","ree","04b246ca5caca5f5172f1dc9ef760476",NA
"81101180524048384","Mars","6597","freshmeat","bc7180b5a9fb97ed6e31a64366d4b61e",NA
"83077052118339584","jongyon¬±7192p","2693",NA,"fe3de8488199d7c5d4c582cb0f1a4db0",NA
"84799072321404928","Adkkid","0063",NA,"a_366e593b54e9f64bae4a26dc43a0e0d8",NA
"85429289037594624","a1tn","5621",NA,"331bbd94e6c22ceda1957cfb6c55838f",NA
"85614143951892480","UB3R-B0T","3802",NA,"fa049b21ebc6802737c0034b541e9f27",TRUE
"87078668043575296","MrPottsWith2Ts","4923",NA,"f1cff82c7e3e7d2f79b2551ef41787a9",NA
"87712618642432000","denseduck","8904",NA,"191ea8cc5350e8cdea0867881b59bea2",NA
"88340793785344000","honeynut_ichiro","6130",NA,"765c946cc78ae47035c6842e718ef409",NA
"89305306928013312","Agentflit","3450",NA,"740a5c78c03cc4f4001b20bf45b8906d",NA
"89873010315530240","rayBradbury","6420",NA,"56f1e100c06904d76fee774aba37c3a7",NA
"90648299123519488","RocketShipBBQ","9475",NA,"fc7e3bc5966e9945e2901588549b7d06",NA
"91981231536746496","FlyKoBo","1548",NA,"8ce0b047d7943ffbcd1f9da5f07bf4d0",NA
"92048486811308032","Rellikolbaid üò°0xfee1dead","6909",NA,"3adf8ccd2fa7ab59120899a1031de52f",NA
"95212457940754432","mikey bimley","5227",NA,"b2f75669d7105b2fec5fc0d5a155cddb",NA
"95617544123056128","DaikonRadish","5914",NA,"71d5699028d4da27a3e6488807fc8585",NA
"96741427958001664","Yosh","1414","Ôº¢ÔºØÔºµÔºÆÔº§Ôº¨Ôº•Ôº≥Ôº≥","09c4a87a3707a4e9b2891ad5343cc110",NA
"97196014447906816","gio","8743",NA,"39506c18701c4d61ca5f4334a050bf8f",NA
"97204882590674944","Raw Input","7652",NA,"f21b6613c81ba0ed5d68b521775b33e9",NA
"98660205310513152","Warty","7951",NA,"54702cb95c2f4f9746f48b3f7a3183c4",NA
"99002958150135808","Tacecaps","2076",NA,"4a2dfd9f9f05205c20bab0e075275139",NA
"99279099662467072","hoodo12","4781",NA,"bc118fbace10b618e9d3524c43ccea01",NA
"99545538877222912","xiphneo","3247",NA,"407d38caa95dbcec9e3fb7fa144e4dd4",NA
"100010197912662016","helene","6023",NA,"613f79eb8f10dc21cc3cba276faa4dd5",NA
"100285329709203456","Cufflux","9537",NA,"c40a66e8ded42edfe3717314801df460",NA
"100706301910188032","aredd","6813",NA,NA,NA
"101186222348574720","Orni","4812","Norina","6b8d2f510f6342c697c0d01773bf42dd",NA
"102272636591030272","doge ross","1569",NA,"2e0f7456230f1559e0cfed9a3ff5d091",NA
"102317980955705344","Jamie","3795","Latei","c2734948d2452453b4eaf7f89497e781",NA
"104301831382908928","Crack","3456",NA,"c20d5295889fdf3c2a77c130ae799869",NA
"104317440942428160","chrissypoo","8731",NA,"ef100e4451ffe0e77f4123e3c18a8b30",NA
"105010561900675072","Evemption","7777",NA,"a_58448f6f681fcc22441478f04d531a30",NA
"105010821750353920","Paddington","8694",NA,"841ae989e45095502880d0be8c54ac34",NA
"105512858552418304","Tyfy","8818",NA,"f53ab03fe3757cccaad9835214f2a433",NA
"105903029496086528","chobo","2230",NA,"a4b3f8e74d833ded32844aa3a862b635",NA
"107241248556847104","403511","0823",NA,NA,NA
"107336849609015296","Jojo","0495",NA,NA,NA
"109280389272465408","cheritwithwu","0190",NA,"51447e5a041c0dac567afeaa7da37d21",NA
"110405602060013568","SigmaSheep","7643",NA,"debb143d72228e7ec599e720f1c5e3b1",NA
"110525165883899904","alwong34","9045",NA,NA,NA
"111236843428708352","Aperture Mesa","7983",NA,"034e7cbcfe15c9d9f2a8d051652b40da",NA
"112941047213993984","aaron","0267",NA,"e0106da1188dea9906879407f2fdd100",NA
"114147806469554185","p/pixel4","4444","lurker","f13831f8fb3a2437ac6e54f510398b32",NA
"114657799321026561","tracerbull","0379",NA,NA,NA
"115144101942394882","Taipei Assassin","0931",NA,"f9fa6e0efb9d70c4d0d9629789342f9f",NA
"115293692461449223","gustavdagamer","3908",NA,"c73e17fd96c06b36206d29fadb96e46e",NA
"115388431458107401","AFRUITPIE","0398",NA,"7feefafc4c3d77a6fdf09e172bc16bcc",NA
"115998911264587779","dank","8906",NA,NA,NA
"116275390695079945","Nadeko","6685",NA,"0de545b2efc0baeda0fbf458f3f884dc",TRUE
"116722017067204612","Eddiephant","3248",NA,"b1fd279e39ec0a00adbc76a810759adf",NA
"117154757818187783","Leet","4558",NA,"8dfd92fb078822874fc406c85a9c6b52",NA
"117383576089001989","Melinoe","4856",NA,"05809d5b7915a3400706a7a1509f985b",NA
"118199923442188290","Havel","9038",NA,"8f9780d22f1d2de9430e874829d0da42",NA
"118896237821952003","passerine","7887","Windsor","b29d3dfa021f44ab6e8318cdb77b8f9d",NA
"118955480046370818","skyedelaciel","4870",NA,"01fae7a1b81b63435fd4c1eee2335f0e",NA
"119279399353712640","SimplyPrez","3596",NA,NA,NA
"120321309522526212","Spencer","9285",NA,"736fe5dc0876bd617de2bfab181dde81",NA
"120415078007701504","thigh","3724",NA,"1ce099cecac59ccf62487b24b15bd111",NA
"120697755944484864","wopomos","9048",NA,"0f812331f7a25f6c1072e36565eb913f",NA
"121417877965373450","„Éï„Éï","0176",NA,NA,NA
"121784773143166977","XŒµŒ∑Œ∏","9328",NA,"8586f210ff890813e0da594dc6bf1aa6",NA
"122237605197774850","Loominos","0284","[™ö•]üê±üëÖËàîË≤ìËÄÖ[™ö•]","294b0bb930d637841901ce5436cdf86f",NA
"123990338049146880","quark","4082",NA,"8555ee4658114e817266bb0810b1b2c8",NA
"124029933927268352","Austin","5598",NA,"5ea4aeb5f47e457ef90f71b97dab9894",NA
"124308940103090179","KeenEye","6974",NA,"51196a572eb4f7ce96671e43e6aae985",NA
"124631780245504000","zerat00l","7820",NA,NA,NA
"124750563631038464","tirofinales","1908",NA,"a902069b4595332302eb34c38ae96a55",NA
"125074065043095552","terraSapien","2873","theShaggy","f4ff7d249931cb6a46ce02c65547de1e",NA
"125466210383953920","Logan","2194",NA,"19efac768ccf521292eb05002d224eab",NA
"125778871147560961","asilex","6018",NA,"0bf61c03dc6d6528274e84ca00191939",NA
"126004493430030336","FulcrumActual","4163",NA,"4455373bbeab2863c37a8e1e01b33bae",NA
"126414490345537536","iNerd71","2456",NA,"021e5bfc0b96a76c0e235807b6c15217",NA
"126500939451334656","Will","7312",NA,"b742c981af5602270b9fb5ef1b81bdc4",NA
"126814100838809601","bisque","8996",NA,"e7ecfe604ad552a722ff3f1f3a580860",NA
"127380319300091904","Wish Evolved","3566",NA,"4de25b4608a7d0f1920d3178338b6dbd",NA
"127571912506343424","pineapple","2592","Max",NA,NA
"128060817789681664","WeS | Gyromight!","1072","guy with all the wisdom","719bb523b5496febf2b067eaea5b9b6f",NA
"129017959279493120","Graystripe","2888",NA,"70515dd3469dbf54f00961ed29024280",NA
"129767510110240768","„ÄêiLikeNoodles„Äë","6381",NA,"12a25eff91c6f7bb42525ba8df3bd0c4",NA
"129795076107796481","i like university of washington","6986",NA,"2d3a46b37332293c7f96b3b7e333d4f8",NA
"130774235412037632","jop","6868",NA,NA,NA
"131906223850258432","Tenebre55","1693",NA,NA,NA
"132002424549277696","Ium","6181",NA,"25743fae0cc8c98562486208efc8d3c2",NA
"132276048405594112","vinnishi","8572",NA,"ea7ed39a30d8a40b73c13aa455f21bed",NA
"132595714336358402","Parzival","9149",NA,"7ef291898123fa5eeda692552dac2100",NA
"132951062205169664","Keende","6137",NA,"fcf8fe79b1300124398ce587627c3a4c",NA
"133746538517102592","jacob","2643",NA,"643a0caa6762cc968ae99ab838b8a704",NA
"133824127675924480","krypton3d","8783",NA,NA,NA
"134476111806464000","abyssll","4364",NA,"848711afb17a1112e334c291363e8d4b",NA
"134498690634088449","ErgoEvo","5364","plok*","2da4a3f400aa0dcb7afedea2416e43d6",NA
"135234176298385408","cherish","3064",NA,"9ec5a77729dbc43b733c93a88437d196",NA
"135933704479440896","Chepe","3111",NA,"841ca2dd9e452ef659716f86d3fd9c43",NA
"135962180792090624","tiff","0747","tiff","dd9a4ae6e84508bb8bbba7029ff31111",NA
"136278937532628993","rx","1284",NA,"2f1bcc1d2235292271f4bd873692f760",NA
"136711083313463296","atomicproton","8254",NA,"f539bde48b847d8c3a41535511f71bc0",NA
"137412891845459968","NoWayJoWei","9161",NA,"2c02c6940d07b2c8a64f67e80a5a1de4",NA
"137446971060387840","spikanor","6877",NA,"6a04f121cd790251a0c4b582f3122beb",NA
"138024769634172930","Blizzard","8738",NA,"cb462a195ff14cd14988d7b8d5668ffa",NA
"138881969185357825","EndenDragon","1337","`I'm your CSE TA","f528db1378155efb86e26ce0e9fa543b",NA
"139228146628165632","DervishBanda","2427",NA,"03789e158576dcb1e941f4b9edb0b03c",NA
"139463840621527040","K ‰ΩèÂêâÂÅ•","1800",NA,"95ff12de401bb715c06952dbb58bec7e",NA
"139819908279042048","ùë∫ùíÜùíÇùíïùíïùíçùíÜ ùë∫ùíÜùíÇùíâùíÇùíòùíåùíî","0751",NA,"8cb52b89e8eeea0f891fa93703f2c9d9",NA
"140676567604002816","Jeff Seid","3378",NA,"f54cf0d96667f151c4cd72ea19575d08",NA
"140779952692789248","shadowrushx3","4534","suh dude","41affbd1393edd2cac8bb53965c3c543",NA
"140981106857082880","DreamDoteXe","5132","Tada ""Big-Balls"" Banri","63b92c4597b349a1591e2d168136c410",NA
"141221429524955136","farland ( Õ°¬∞ Õú ñ Õ°¬∞)","6285","farland ( Õ°¬∞ Õú ñ Õ°¬∞)","423b0f7ef0b75afc442eecaad333515c",NA
"141334170390495232","Ivan","8761",NA,"e4013e2eea5dbd2ac7a20aeac026624f",NA
"141402388832583680","amihan","1966",NA,"6f5c404cfc09f79a690c7255cf6327bf",NA
"141412127092113409","jcho","3643",NA,"b3f8ef0c4f362e07dfe1c501be7c6065",NA
"142008004085153792","Trann","3071",NA,"633724eaeb4ba675813431e6b32f12ff",NA
"142016083916750848","Rice","1509","Slipski in the Dipsy","b6061cebc201601cd85b8d759174ada1",NA
"142119165329801216","Costnerity","7778",NA,"1caaaa640044b8b05b4b0994bd3fa994",NA
"142172712326922240","Nohai","6938",NA,"d679b67c605bb8acf29e56a1c825eddd",NA
"142361239081713665","Chu","9783",NA,"03849e701d44b71d8beab1f92d134639",NA
"142421349191647233","Apex Asian","1708",NA,"dea272f53c31f7df66f3f6742036c1b5",NA
"143382226078400512","anshnagda","5519",NA,NA,NA
"143529621906784256","Corvam","5559",NA,NA,NA
"144630506892296192","FarlandBot","9745",NA,"7097e4c7792e3321b765677707cd299f",NA
"144990326262726656","venu","5345",NA,NA,NA
"145380729759596544","Navinate","2404",NA,"f12836c4f343f3fb45debfd27ef82ae1",NA
"145590833247158272","than.k","1321",NA,"0967bb3c5268240c162b7974ca7ac3a4",NA
"145630862669643776","lbrtle","3873",NA,"eecd4cf88512fc79f519fbcabfe0245a",NA
"146099423141691392","Jack Of BLades","5643",NA,"5dd4090e106bd46bd3141ea9de79deaf",NA
"147207974790627329","Mamba","3336",NA,"727bf15f4de9d76d512029915c46d48e",NA
"148241931988762625","Ian_Dukeman","0087",NA,"fe6ec3067bd1e1aaee28b852673e104d",NA
"148347533087735809","sekambu","5027",NA,"621da8fbd2be60a7be43e32c09ea1296",NA
"148652114195906561","yling","5053",NA,"ed124171d9f2ebfc98b7421b14ec3de1",NA
"148996346106347520","Y.ack","1724",NA,"7675ef1b19191db59901560fe45e5a14",NA
"149795144135081984","jwhitney96","6270",NA,"66944dc5ca08d16a123542e0cb413f81",NA
"150049432728109056","def not katsa","8848",NA,"aa0b678347ab832f355f2271af38d76f",NA
"150061853001777154","abalabahaha","9421",NA,"ad258d7137464ec63e32fedd003dac3a",NA
"150456890537672705","ScruffyMagic","7966",NA,NA,NA
"150483276463734784","snabbsnigel","4258",NA,"f94e8f326cd220f09a3726ec0ace7350",NA
"150713541236621312","ozan","8896",NA,NA,NA
"150714663045300224","SimplEagle","5610",NA,"e359ba7e50078244151aeed24def5b32",NA
"150881380971184128","Mazetuk","1266",NA,"88be7a5900db4bc8e2c4f645558734f3",NA
"151046385880268800","Hello","9092",NA,"61bda4f1eb5e75dc06fd0784c46c33be",NA
"151049496669716480","Glory to Arstotzka","3748",NA,"ed9f340c1d00291bd97192da7e9f7293",NA
"152254101814640640","candyissweet","7064",NA,NA,NA
"153029807490203648","justinkb","5981",NA,NA,NA
"153160387825500161","BWumbo","3041",NA,"b18830546d491bb2147cc9684ef11f6e",NA
"155064981027684352","AoiAhoy","3108",NA,"8f5f20f73701e700a4bcb5619970babe",NA
"155149108183695360","Dyno","3861",NA,"5aeb68c29b56b3d92eddb6f46df5051c",TRUE
"155481431944986624","Harrison","5352",NA,"48ee55e3abe9935edb0fcdcb8608539b",NA
"155527344436674560","Yawnitis","8755",NA,"e559dddf0db03327e18e8c4023f20506",NA
"157926736170975232","Krazie_","3250",NA,"5e72b178dd8b4d09bdafc70612a8e527",NA
"159078379755143168","Patella","5730",NA,"9a7c83dfd839cd7660fd9a2a5799ad98",NA
"159444126419386368","Exschwasion","5968",NA,"198fc442ab35171cb02a56e606c14604",NA
"160105994217586689","Miki","6045",NA,"2371de186c7224c7766630191d2eb7a1",TRUE
"160202982028214282","namemacther","2586","Macther","0297ca830b363d635b8aea80e4cfacf9",NA
"160826741688893440","jliu517","5879",NA,"0709d0f35766631e85451aabf3b3b7c7",NA
"160828819828113418","hi im brian","5153",NA,"5b3419eb5a03e2ecbc3e10d07d1e7c4e",NA
"161221356665569280","Dejvid","8889","David","eae03556263b7d966285d8056983ef85",NA
"161298875297038336","JC Denton","3821","Wombo (XY)","2e93e345572967b322af1ad218723305",NA
"161915115686461442","ADDIESAN","4442",NA,"f3f3ef0828a67ec4d023b87588813a36",NA
"163785355332550656","Brob","1421",NA,"e8248e9b3569a3f8e2053f6130398e5f",NA
"164902497180319746","IcyIceTea","2641",NA,"c80ca13c4c5bfa1caa1652336414a809",NA
"165631650963783680","gravy","6266","pickledab","9b8cc3a320bb5656d39d2e3fc89bffd3",NA
"165680879786655745","Nam","0279",NA,"c2f8954f9b7366e55e15c6388553441a",NA
"166358373292441600","joshumax","7525",NA,"0f83643b9cca721375339807d8dee618",NA
"167070342580273161","Skullray31","5973",NA,"0b04bcb56941af8f65ade191e042da6a",NA
"167786035147702272","Apple Bloom","2778",NA,"9bbcdba749c5e03ef1f6a6541de20a8f",NA
"167888225644314625","Gmar","1676",NA,NA,NA
"169259377168089088","kinhou17","8881",NA,"35577f8be0b668a9043093f3c089c6a6",NA
"169934677858058240","MissEmilee","1368",NA,"e26139f4c16153d6242dea6ae2b478b4",NA
"170332980093386752","MaxPowerfulness","0742",NA,"11b109e5835e00febfbb919794012873",NA
"170678927109390337","Bloxmaniac","8414",NA,"842c46841442f650f2f016192ac3e16d",NA
"170798894022656000","warandstar","6796",NA,"672f97250e3b72cfb7eefda46c9bb335",NA
"170992151851696128","TechNickL","8248",NA,NA,NA
"171119220896169984","ericsenny","1968",NA,"ee336f9742e751f9b31a2033b76cc0ca",NA
"171154214062391296","yoshifan88","9538",NA,NA,NA
"171288238659600384","xyzzy","3022",NA,"d4b7cf0488b0ca06beb28edf1db70b18",TRUE
"171439292931899392","hackisk","9543",NA,"659cf00a7a5f8f6177f3178ffbf268ff",NA
"172183778377203712","Otherones5","8048",NA,"461cabb59c83661ad423ff47ef32a24c",NA
"172434125054017536","EzPz","0784",NA,"cb5573a3ddc09dbfe90cd7e4710fb201",NA
"173218942569938944","KVZZ","4502",NA,"b09727cf1f240f20a596770d8491b374",NA
"173673956027400192","Bin","6707",NA,"2b047316e26c15a1739b0cf27e54fd76",NA
"173881291085840384","aidan","7257",NA,NA,NA
"174267685557764097","Munch","7014",NA,"49d5c19b87047be9c0afa41e3046ee53",NA
"174603401479323649","wchill","1127",NA,"ba93c484d7293b50a399b36b781099a2",NA
"175076992280952832","totallypro","3135",NA,NA,NA
"175794195255132160","Neej","8939",NA,"45fb7b5ffb297caa3b64ee1a8f80af78",NA
"178378162344951808","Caretechi","9274",NA,"307918dc71b3116dd725bb2fbd82f3dc",NA
"178648561569890304","cydney","3535",NA,NA,NA
"179064974998634496","Óäø Óäø Óäø Óäø Óäø Óäø Óäø Óäø Óäø Óäø Óäø Óäø Óäø Óäø Óäø Óäø","3879",NA,"30dc6282ea2319444c35bbb8e6e08079",NA
"179171740671410176","Humbo","7610",NA,"6cd21eb5325ed11e97ded4681f5fe8c3",NA
"179394997274017792","Laplex","2489",NA,"e2ee2a5dc4b17f14943b17ed5f3fe343",NA
"180094273717403648","Mandrake Jake","3364",NA,"58acd3a411a1e001b65366cb297f2dc1",NA
"180669360946282496","kiritnarain","5950",NA,NA,NA
"181529391635890176","!aye a boy at the top k paeso","6346",NA,"809915621d25334738a32aa5f9f22140",NA
"182340449091059712","Succinate","6459",NA,"87063889528f4bbf68360b1d5c497a2e",NA
"183030413269139458","Unenthusiastic Husk Of A Man","6380",NA,"c75f6aed0b2d17413e67d6875a81ef98",NA
"184534707000573952","repoted","3344",NA,"bd92e97ba1fcd6fc4ffeed7c00bf58db",NA
"185549294999306240","ivan","2224",NA,"bf1a06275120e794348d06a5cb4973e1",NA
"185551955614105601","ketchup","8116",NA,NA,NA
"185558368402931732","TejusK","3478",NA,"545fe6e002f1e510f456197949f8e571",NA
"185616374897442816","LeiLei98","9187",NA,NA,NA
"185821757016506369","Trebond","5694",NA,"51257ef73fdeaac4bb645031c68fdc93",NA
"187029192360067072","Nico","2778",NA,"686ff6cc33e465b2f5c199e341d8cea0",NA
"187045983555682305","Takyon","9692",NA,"7078ec8023e21ad3e6e83e200442bd3a",NA
"187453564031860736","unit82","7737",NA,"9d301df768499e418c54cebd0653354b",NA
"188495673073729539","Michael","8010",NA,"7aa3fab45f6a97fe7f9e6186aae2fafe",NA
"190210410895376384","Blaziken","4002",NA,NA,NA
"190958615375511552","ambientmeme","9777",NA,"ccc967dec0594f2dd27c4cc6888889f6",NA
"191326854840451073","Katastrophic","5768",NA,"3c7359d6978b563051657b728ee5d833",NA
"191381325364592640","Eldar","9269",NA,NA,NA
"191457134150418432","narrwhal","6551",NA,"85e35dab1e3479ca241ef713b04bb8a3",NA
"192198988621938688","f u c k b o i","0498",NA,"b1b24649b637ce595effce66badb6a6a",NA
"193099378616041472","Plugy","9539",NA,"568ccf3f8162bade9e27e317acce6b1f",NA
"193120599768432641","JulienA","8173",NA,"a5135a8587242beb28311d65ed602375",NA
"193606261642625024","domo","3425",NA,"7150cbeb9f5fe6ee686d0b43b30e0b9a",NA
"193853475862347776","kyle.m","2953",NA,NA,NA
"194550515282083849","Takoyaki","8686",NA,"4c732eb512ae7bcf0f22ecb45eae400f",NA
"194685254676643840","OGSuperSand","9755",NA,"d6cc563a67599c9e8f9b5a2039fe47e1",NA
"194894429708877825","glorygeek","0143",NA,NA,NA
"195103806298521601","Akram","3772","Uses Arch Linux btw","24dd78d8a6ca3c76371c971058b4853e",NA
"195295112492744706","Mickelbitch","8764",NA,"927c05e4c3003f14a3aef5ed9eb806e9",NA
"195708404881162250","The Only Chosen One","5808",NA,"6d3186717d263bf79df3cab975b9c26f",NA
"196358143645712384","KOBK","0060",NA,"81205bae97b15cf11d35ca866d62f34d",NA
"197415578917535745","snwdrft","5366","Drifting in The Snow","e840c8e5263d0d362f1d6ec7db110cca",NA
"197771787939872778","Dancer","8146","Black Science Man","4e1398bfb974b37a7c522263259df508",NA
"197786279436484608","Mash Botato","4853",NA,"66ef2db1b5ee1d50486a6840673ef1fa",NA
"198699728441966592","Frank","9690",NA,NA,NA
"198916418782232576","IAmTheAce17","8657",NA,"2fad2ce30b401cc41f5b4954ab972fbe",NA
"199008249457016834","visioninblue","4529","fail forward","527ac841d973c3cf8285db1ea8010aa4",NA
"199657984501088256","Broken bak moomoodog","3191",NA,NA,NA
"200013678861352960","Ari","6064",NA,"c6336cead1d354ec9751ea3053a99996",NA
"200176103808040960","alexfacehead","5012",NA,"674158cb7c55fa731ce8e6471bda1773",NA
"200497424295264256","hems","6228",NA,NA,NA
"200771148319948800","Peter","2052",NA,"33e598b5cfa6821df4390bb119884598",NA
"204042109567762442","atikinf","8120",NA,"341f9dea346f4ef862931c22a5d90e75",NA
"205230626905915392","Pippyman","2388",NA,"d0618bc7ad800cd95ddf12fb80445767",NA
"206457982815305728","Pancake Waffle","2829",NA,"6b273f98406d9714050c546dd656364d",NA
"206492554835787776","OrdinarySam","7116",NA,NA,NA
"206587938866200576","Jin","5690",NA,"e4a3137454e8190ae9de96fd119088b0",NA
"206964725421047808","Kaboombafoo","4842",NA,"76422d2419ce2e01bfb94f00355f5582",NA
"207468457149595650","Cheesemaster66","1602",NA,"a2dcce9e3339bf0586627b3447aeafa1",NA
"209671111703527424","Jungo","1196","?",NA,NA
"210171070097915904","leverage","7169",NA,"10ad1f7a5fdec232bd9a1197503e4d9e",NA
"210220723816497153","TheYoakster","7990",NA,"856e2849d6f612c3d75cba4e1315f9cc",NA
"210842950668779520","NomBytes","1749",NA,"b50f30fcdac2ddaa3fc0e5f7c4cd7f65",NA
"210883155127697408","ilia","6634",NA,NA,NA
"211318001780260864","williamvnguyen2","3721",NA,"70618e4af3cdcd4895f995b793faa385",NA
"211356105182412800","donglords69","7537",NA,"1df53dd9e62c7b2bb3bb8bb97407cabf",NA
"212780524622577664","ryan","8112",NA,"c9672a8813e5cf8da6d844f322aba92c",NA
"213037346575089667","ymd","0954",NA,"9a3f88dfefaf16a343240fc3a7cb62e7",NA
"213882888406564864","Aemelialialia","2799",NA,"d33b7e7f262a70b2512104b39805b853",NA
"214082629555716096","Thatcephalopod","5169",NA,"e76148e28f7ee73b103c92a810b9341e",NA
"214396125384409089","Taylay","2937",NA,"7a3a3f6ade7c4275979567930551fb7e",NA
"214990367790071808","shaheer","6934",NA,"d758370063f8fc15dda89aad2c0f85e6",NA
"215935013978505216","Michelle","4609","...Michecke","a8a2331905cb6cdd182c493921d97fdd",NA
"216073554968444939","cooldude","2729",NA,NA,NA
"216317834668539904","DB","1817",NA,"1b208afdbf8512fe40c470cc33424ddb",NA
"216667085403717632","sNat","6321","snot","bd0b1cc8f516d2926fa4798ebf3760a7",NA
"216799559714603008","lubo","5689","1008","16f7c026b607d993bad112ce14521b7c",NA
"217403267066494976","Xythas","7304",NA,"7b291483d104c5fbe3ac6fe7863cc203",NA
"218890225621925888","Vanilla","3528",NA,"770a7567b058135f768dff60e39a56af",NA
"218949000055750657","ScarletStorm","9418",NA,"7970f3440e67858d16d9e96bb4aa035d",NA
"219243571398705152","halfglitch99","7988",NA,"44a09fdce09646f757e97fbe743407b9",NA
"219621038852538368","pendragon","8104",NA,"9b9acda88a0051ae6ac34b7807eb5036",NA
"220678841084018689","Droid360","2847",NA,"9c81b87a2e870e649b21583086b16693",NA
"220775500056887296","Corv","2220",NA,"1ae6296062f7760de92c2858299f2457",NA
"221129619263324160","jmacias","7516","u_wot",NA,NA
"222310303168200714","saechu","5478",NA,"86adb74632125aad609ca4ccaae5ca27",NA
"222565783107010560","cereal","2366",NA,"f612b027c8dbb561ca70a72f4ed79304",NA
"223342306508406784","larryshan","0989",NA,"e0061f1a27795c2787e4170b97bdbd6a",NA
"224663848357986314","Yuta","6267",NA,"70919d2ee093a2a7d29a75bd58b92ff5",NA
"224792000275152899","haha yes","2532","—Ö–∞—Ö–∞ –¥–∞","838527df001d81ab3de2997ec8ba7410",NA
"226948449894006785","smallishboy","3180",NA,"9e7dcbc5e9969ae784187470331fa823",NA
"227599484316680192","alpacafe","7727",NA,NA,NA
"229105564439937024","keepitsimple_r","9130",NA,"92b0f90109081dea23b15f5cf6920eb8",NA
"229473160976793600","trolltoes","1835",NA,"3f56dc7d5de47ebee526f3f1f491f3c5",NA
"229485324785549312","forsenboyZ","9609",NA,"8732c46c1ba7510ce7a08008abad0d2e",NA
"230015550766448640","Shirogane","8848","Shiro","25fb7e7fd9271b1b67b9e2dfd9846a7d",NA
"230489135352250368","auburritoüåØ","0959",NA,"f968c917437c6b60352a45581c485e17",NA
"231977526665150465","diskidnamekevin","2921",NA,"537b0592e8a7ebe025beb4cfa0a7e536",NA
"232328688178429952","Thunder_Colonel","3800","husky4another4years","ab96be36d024bd9e509a643b47ffedaa",NA
"232397334967746560","Sanpe","2678","!No.","74d87bb295d31b9b05bb9e5fbfdbb8ac",NA
"233642871394140160","Kwarrtz","5039",NA,"efa2692ab6073dca24b9a5037ff94c1b",NA
"233743610154057728","Darkspire","5229",NA,"5ed4eb6a75b3968fbcef88d4f4a9db1d",NA
"233949828227268608","LaterLassie","1302","nugstachio","239023b3c2a23cbb4b8247b7dda18138",NA
"234167703194173441","SantaIsTheBest","2700","(‚ïØ¬∞‚ñ°¬∞Ôºâ‚ïØÔ∏µ ‚îª‚îÅ‚îª","df77f1778d72b63a513f857ee8664ce1",NA
"234449370957742080","superbad8","0676",NA,NA,NA
"235088799074484224","Rythm","3722",NA,"16c197c4c3f0eb808f9bceb6e1075e71",TRUE
"236685342910971906","Killersauron","4599",NA,"a8d5811a4d67b0052c0eff3a7dd707e7",NA
"236958205207511042","archane24","3410",NA,"f8ca461010bf813514a2111d387eedb4",NA
"238166510579875841","money_woes","3269",NA,"78316be77bf816226755fb468f13f252",NA
"238293489417191424","aiLaGeR","1239",NA,"9990627b0d2a7fcfe15fc37019a1689c",NA
"239629273319735296","Tapiras","3658",NA,"72a65ef773666ca4d9a953029ea22939",NA
"239943645262774272","SPŒîGHŒ£TTI","6860",NA,"b19168356e54953d9daf0508ad028054",NA
"240961296441278465","rumi","0716",NA,"8f5e441b1525825f07a605144453695a",NA
"241777035448549376","b.yee","4335",NA,"2d5e12ffb1315bb6c9f3fcded36f13bb",NA
"241784111721742337","IvanGM","1051",NA,"2dc0492675fa0dbecd1c75c8f4430f64",NA
"242839149806092289","hwars9","6484",NA,"5b51df6109ace7cdc3a898f9f72e09c7",NA
"244223315634421760","TheUnsuspectingTortoise","3422",NA,"a546c6992836f154f64213c33fe5538a",NA
"244347872487800832","TheFerginator","9690",NA,"cca11e701f065558b0b011048938558b",NA
"244567991159750661","Cap'n Crunch","2046",NA,"fdfb37f7faf0804e503dc590bfef33aa",NA
"245217031446593537","shmimel","7622",NA,"2623dcd2d41dd67643667ed614e8a1ac",NA
"246822240656556033","jingyu","9213",NA,"0a008da6a298005445f862312f9772c1",NA
"250152529214701569","shiz","5723","shizzle","4ad1fce64f439da07232e8e3212518ac",NA
"250530017455505408","Honeyjaw","2849",NA,"0af9f2829af0a9f436f99132175caa96",NA
"251369235710738432","VincentS16","4979",NA,NA,NA
"251947579032469505","kimutaro","3565",NA,"fdf6093ed5adac7d3cb248a085fa9428",NA
"251949750905995265","trxnny","6746",NA,NA,NA
"251983908583768065","Feld IV","7042",NA,"d751012bd06c08dbb86b39857703fa75",NA
"252291931718156288","bagpipemozart","6136","D U C C","d7cca7c2453a2a915e5c4e9a22248e54",NA
"253660687778185226","brandank","0825",NA,"ae3731926402135462e72a0fae541c41",NA
"254477727749373958","zpandaz","3061",NA,"6662bd8be454c95e8a273a36c19c6180",NA
"254565995660836865","udipshat","7911",NA,NA,NA
"256320460952698880","siri? destroy god","1964",NA,"571f4c758775967effe1d85885f57c57",NA
"256599886995259392","Suppuppow","5730",NA,"a6a0a192760770f22e564900bdab6663",NA
"256619354479656960","lemonysnicket44","8251",NA,"d3cf93c32716aff4c69a2e14ab2ef3e6",NA
"258827398282346499","endreman0","9853",NA,"084467f04ef6f4a0e30de384d7fa4dda",NA
"259939151414165507","Cooks23","8721",NA,"82d336f6e1507cc94e459e8fdafcfded",NA
"260283829015674897","Danielsaid","6916",NA,"631d6eb1d8a7925570728f1afaad77e4",NA
"260986280580481041","busbr","4774","Shiromish Community Transit","bc9ca48edac04b49f106d8e50cc6244e",NA
"261721480302297102","Hugh Mungus","0252",NA,"2ddc71e7b0dca603a73f5515fbdd173a",NA
"261927869041606657","juanxsantos","3221",NA,NA,NA
"262085471218171904","okayokayyakoyako","1095",NA,NA,NA
"263548245270069267","Vradomor","6139",NA,"b5278ad37c63ce5cd1ae3996f6f613c3",NA
"263587526327926784","Ameer","3127",NA,NA,NA
"263871136218087434","Childish","0348",NA,"6669ee5cb1ca72ac40f07be0873c976d",NA
"264951473178279936","Ckorean02","7273",NA,NA,NA
"265136157933830145","Kurama","1742",NA,"1d20cf3819cdbc805add2bab83da3ac7",NA
"265994026438623234","sketchyCoder","0350",NA,"85a7f67be4412ebad52c0edc8c1b6257",NA
"268220695517986816","Gauntlet","7350","Thanks","2be15dc1b32e36bffb60b49f1332d8de",NA
"268265923192815617","D3r3k23","8877","Drk","90ae86a35dc7e6393de39ea06415246d",NA
"268947517419290626","tim2214","0189",NA,"7c1a721016aaa6d8bac1358c67ac1845",NA
"268998276110352386","k22w","7016",NA,NA,NA
"269009642355425280","txmarc","0779",NA,"f7fb4d37b567e587716b4f9e9a606570",NA
"270045717098266625","Cita","8957",NA,NA,NA
"270768708979392512","godly","7766",NA,"6528b9257be65090d4d3e23828421d5b",NA
"271368473198723074","Chase","0815",NA,NA,NA
"271408854657400833","ThisisIp","3463",NA,"a09099d063217491b18b5d10f6c4ad0a",NA
"271764906808705034","ParanoidAsshole","5107",NA,"f48dfca336ca16cab81f057b759fae9f",NA
"271911695142748160","tylerphan","9149",NA,"8674bbe42c88cfdeac0ff486c5e3ca41",NA
"272165731439869953","icon","3716",NA,"e772ef420884f249853cbc1ac7d5895e",NA
"272205975090495509","epicnubys","3905",NA,NA,NA
"274773586215174145","excalibot","4565",NA,"8c79a4dfbd6f065a2c9308d90c53556f",TRUE
"275100763305279488","DaChun","4869",NA,NA,NA
"277302529757413387","mar","3484",NA,"f72a2b17bf0325f35c2b75b7941604d8",NA
"277417461756723201","shooketh","4860",NA,"42952196596aa62006cfc2861e646c22",NA
"278743925047558154","Rem√≠","0850",NA,"32962caa60a645c2fd94a932bb659bd0",NA
"279314975582060545","eban","1970",NA,NA,NA
"281581425839570964","POeTAToe","3770",NA,"55ebf68149b0d3ce8d684f523b8f3d3c",NA
"281818404271423488","ah","8172",NA,NA,NA
"281970874436026368","jamcandy","3215",NA,"45db4fc30b8de497db0cd9512efb403f",NA
"282341008304373761","Aleczandyr","2049","Alec","f9883ac920093bb6573af82e3faaa838",NA
"282573876528152576","Hector","7386","Congo33","2bc5fd6469dfc783207574eb4be37a1e",NA
"283070482864013314","Johnny","3983",NA,NA,NA
"283353365201551370","teh_aisan","8965",NA,"90528ad6c0c4805ec65c1f82182f0fd5",NA
"283428719417098240","nanjamu","9504",NA,NA,NA
"283435258613858304","Jason","2028",NA,NA,NA
"284840842026549259","Geralt","0007",NA,"a_8a7db7c506a00392be61565837138a0a",NA
"285303139765190657","Tron","5208",NA,NA,NA
"285727035748384771","overpoweredsocks","5895",NA,NA,NA
"286003380998897665","NormLWinchester","3129",NA,NA,NA
"286313888289390603","rachel","4803",NA,"2d4520ad10fc379b1ae944a02117d5c0",NA
"287340694736207872","dnguyenftw","0263",NA,NA,NA
"288564426888445952","jboyle366","9844",NA,"f2877e6891efbb5968e5a98cd0d28954",NA
"289579502663630859","LA","7262",NA,"87abdc489d1adbee5fada55197fee7dc",NA
"290580544465666049","Egg Whites","5088",NA,"1767773eec48cb8550f193658a19c897",NA
"290702793801465877","sophylism","8667",NA,"60d926b11400f76fcc0b27aeacf792e0",NA
"292170770153472000","bread_bird","5310",NA,"3d10aa0773d084bd400e64a745efd747",NA
"292510511189458945","XxSaranayxX","8399",NA,"65f005bf5a423dddd1f32f7ce16e7a7f",NA
"292843688445607936","Mushroomy","4069",NA,"b22cef017aa32051a8c249f247ac3933",NA
"293277202886426624","march","5475",NA,"4f13a529e21b413e9c92db598210362e",NA
"293572164840587265","Spazzinator","5079",NA,"2d84a981939357536d5f30a8fd5ccbc3",NA
"295048061485449217","Papa John","3156",NA,"8e557aba7713e905889d9dee98b051b0",NA
"295433379900555267","akks55","6862",NA,"7a42de8d5d5f8efc6615765881aca396",NA
"295505910460317698","Xahoc","2546",NA,"3d4606fb1f61231a2db024eaa6191c59",NA
"295978710715203585","Giovanni","8324",NA,"57687a00858e533017766f2ab4cd3c4f",NA
"296040852357251074","a lost pencil","4144",NA,"43579cf29a45889eebe4c4056e77594f",NA
"296827747282714625","theYak","8532",NA,NA,NA
"296834210352857088","Beep Bap Boop","9681",NA,"9a5a9d88b5d00a95cb36d5cead52043b",NA
"297108928200704010","qducryzz","2355",NA,"1a1d9c487077795837d710ec3017ec27",NA
"297114336017645568","bundude","1855",NA,"129191ebd623b240c900c29bf46ff3c2",NA
"297577779728482304","exxpostfacto","8683",NA,"3b76ab58c4e7476ee94cb0fa5958df20",NA
"297770280863137802","yoyofriez","2357",NA,"c6a34f0d0511e03865d838520d7801bc",NA
"297790599828996096","aaron","6100",NA,NA,NA
"299324790798417920","Badsport","7137",NA,"7d29f30ff3cc621d861a959da377a99d",NA
"299681940863320064","cendes","4236","Lev Bronstein","18070b90e34ad79e3de3550d10b631d9",NA
"299706250617290752","JazzTheMage","9495","Jazzy","a_c6ef9f960f110d369564a4f2ca9d20c1",NA
"300134121391521803","gothmoneybitch","0229",NA,"03285ae2bf7133543711045313401e22",NA
"300492203342692353","cru","0032",NA,NA,NA
"301057564416671746","brendan","5784",NA,"31451e741ba0ca0def0efabf9399c85f",NA
"304483116901466137","Scooby Snax","0558",NA,NA,NA
"304737736261107712","David N","9624",NA,"f4b378b602febd4d7d7db32d7906572b",NA
"304750284062588929","dispiritedraspberry","8580",NA,NA,NA
"306278982876135425","Wafflehugger","9708",NA,"acb8f9ea13e42e751be8a1d187c4fee3",NA
"308799589073551360","dubsforpresident","4768","haha no","956cd55eccb8c74cb072567a646fbcb4",NA
"309103474724044828","sanjeezy","2701",NA,"58c97c9dd69c6e9e73c92e6aedfb28de",NA
"309481689963429889","EthanRogers","7791",NA,"17cf3b3457ee4a4df791db99fc59fed7",NA
"311635722300030986","JimboKnight","3552","I<3Michelle","8b111549fc954570fc0b26661ed5f3b6",NA
"311754330241892353","unfurledsky181","1726",NA,NA,NA
"312974231069655051","Uuthgar","7005",NA,"e24c4a884a24188a68beff4424fbde0c",NA
"315980932156751884","erin","8218",NA,"712614203ad89b509164fef09b65abfb",NA
"317061589209710594","Cooper Robertson","0735",NA,"b99bd470c50e23b6e6a0120a370cbc8b",NA
"317767006659149825","manduh1436","8150",NA,NA,NA
"318646702724612099","l_zelren","7919",NA,NA,NA
"319625873521115138","washed.io","3090",NA,"eff287b46abfb7941f7e5c80308a725f",NA
"319976605327949834","kimi","1094",NA,"009333a8e0a7f2af1907366cc08a9c5f",NA
"321022129279598602","Oracle","7716",NA,NA,NA
"321151175292485632","shishou_kun","4671",NA,NA,NA
"321565528210800643","itsmecatbug","8759","Big Daddy Psilocybin","47766b536228b07727426c986432a55f",NA
"321902820653531137","the soraka","6726",NA,NA,NA
"322498657599488010","LemmeRemy","9468",NA,"b17c604ba4e25589a2d8e947b9a17b2a",NA
"323701040216145920","Mrika","0414",NA,NA,NA
"323729476246700033","ntan24","5108",NA,NA,NA
"325091784004993037","Jimothy","2944","Jimothy","01ab81d9065a6c1622ceac5203144966",NA
"325312710528991233","|Jeys17|","2192",NA,"1a9edbb25df56c5c706e2718423abc10",NA
"325730914833530880","Teal Tim 6","6330",NA,"852eaffcb60dc6abfbe342627c0410cd",NA
"326414100194263040","Talonee","9615",NA,"a08e9f12e47005c7e33c712816ba40fb",NA
"326893839715401731","HgXe","3829",NA,"0b5990a9d35b61cc5669c81a5b1e797e",NA
"326901004253659138","potatoslap","5659",NA,"c9d0fd0004148b2ccf38fef83d7144c0",NA
"328737826617425920","garbagepotato","8722",NA,"51167e477aaefa82a4497e3936764690",NA
"329565871796125708","yehric","2388",NA,NA,NA
"330051572908163072","UnitedFront","9178",NA,NA,NA
"331681678776860674","PizzaDispenser","5016",NA,NA,NA
"333044210217385995","harshal","8940",NA,"2e8b73c574aa739cfade27d89892f4de",NA
"334921423204384780","darealslimcasey","5047",NA,NA,NA
"334943112268873742","chandelura","0606",NA,"bf3155dcfa3abc8c71ca9068ea60743d",NA
"335357463102619648","d00mbringer","4898",NA,"8b7975e0c901d2887a64b8fc0b5593be",NA
"335653714138497024","thiccc","1487",NA,NA,NA
"336298075910045697","No","3141","No.","4788ca1e81c593f2817ccc426ddc0f3e",NA
"336893986645999616","Chewing","7646",NA,"039320bd2f8007554eab28cb3ebb2e53",NA
"337477577180446742","caffeinatedbookworm","7758",NA,NA,NA
"339864081307664394","ehert","4721",NA,NA,NA
"339968230296649730","claire","1545",NA,"8bab5e5bf082e54b137d0efdd3d22fdc",NA
"340006479664775179","Avisocho","0828",NA,"61a4b41f44f052da7dfbbfbdc84e14c5",NA
"340051182829436929","AmericanWalrus","8758",NA,NA,NA
"340537142969106432","Swishtopher02","4580",NA,NA,NA
"341410822309937152","coolbrad","9911",NA,"aea781ed241ac062436ca5b09bdf3b01",NA
"341760812224086016","squirrelball44","7590",NA,NA,NA
"344495375027273738","chunkytuna218","2619",NA,"b57c52d971abe0a78b93794336eeda16",NA
"346040957583491073","oliver10croissants","3013",NA,"e8d5b7cc5912dd0ae7ff81f560f1ab05",NA
"346206386431983619","badpickle","9397",NA,NA,NA
"348315506417336321","nelsontan","4345",NA,"9233bf52b11b246b480404045de7d35b",NA
"348938364403056652","Dmagruder","0319",NA,NA,NA
"350122005531721728","Vincent","2193",NA,"2cefc50a104b099f86adf716ab61f7fb",NA
"351096545313292291","pagliacci ate my ass","5860",NA,"32a250cf106f89565e4745a996897d3d",NA
"351597020584345601","zoomie","6225","zoom zoom","f22860713f2de754ef4cb019e7bd59d3",NA
"352599088761536514","camel_case","0598",NA,"42d9278d5752ad4eab53c65a8e97c7d5",NA
"353039436906364928","hayitsjay","2325",NA,NA,NA
"353787451162099712","etherwebnetskype üá∫üá∏","9989",NA,"bc13c6567c898bd7d4d8e80e666bff55",NA
"353795342552268802","daddy","9927",NA,NA,NA
"356257118044815361","seeingmagenta","6734",NA,NA,NA
"356947653499682817","jesuschrist","4772",NA,"d48f32d3bd23e12fe51554a57b8e59b7",NA
"357381010075418624","stells","7136",NA,"d68f00169567dc270a4add3c53e1f912",NA
"359869946106478602","Aggie","7775",NA,NA,NA
"361654363736768514","thorstenl312","8951",NA,"896dce02ae1ec6e29ee79794826d063a",NA
"361690281185247233","bmoney","6082",NA,NA,NA
"362424972293177348","_error404_","8064",NA,"c879d4c1911e811f628f890ce8fb5655",NA
"363328705960869889","Conner","0520",NA,NA,NA
"363405607815872522","Paul G. Allen School","4761",NA,"10d22c39702495120849f1bda93e1c5e",TRUE
"363475336903655426","lem","4492",NA,NA,NA
"363490714866155532","ky","2593",NA,"7a478d968790bf630bf60caee6172861",NA
"363494762604396554","Placeholder  ï ‚Ä¢ ·¥• ‚Ä¢  î","9892","I make Rainbows happen","8824841f6ab6cd0013c1fb60a9ea3592",NA
"363767854534754305","oj","1580",NA,NA,NA
"363814933160394754","Zephyr","7814","A.a","47277950744cdf8f97d5a441541bc62d",NA
"363906060945457154","Deepfriedbullshit","7445",NA,"69e166f6246ec28896bb4e79b9dbcf57",NA
"364112933568905216","Anonymous16","1190",NA,NA,NA
"364209329286414377","thebriando","6325",NA,"6285bdcd0265b47639aaa075dffe4c36",NA
"364240720854253570","bchong","3748",NA,NA,NA
"364269002119184395","monsturo","3473",NA,NA,NA
"364505228059607043","boundless bob","6044",NA,NA,NA
"364593145180061701","√òFF","9723","√ò√òF","743f865671896aeb7ae456ab9c9c2db6",NA
"364961937592942592","drug_cartles _in_Washington","7950",NA,NA,NA
"365370494989500417","jjj","8838",NA,NA,NA
"365981157424234496","zero_consequences","9654","zer0","8a627002884815c7016d46f706b49a41",NA
"366117556437647371","pleasedontcallme","3025",NA,"c97ee57c354dd6ffbfc6f7eb7da95bc6",NA
"366277526915514378","pomelo","7009",NA,NA,NA
"366843220400799756","no one","0094",NA,NA,NA
"366989215671648257","SoftFro","5388",NA,NA,NA
"367111724094193675","seka","7013",NA,NA,NA
"367654237213294592","bsebhat","0125",NA,"da86229d95b653c0df8299e81e4323e9",NA
"368218794897833994","PHPfFG123","5792","Vino",NA,NA
"368928067898310658","edwinm3","5909",NA,NA,NA
"369406121141862401","axeszerch","8934",NA,NA,NA
"370059322606223363","Dunewarriorz","7395",NA,NA,NA
"370103837488578561","cjg42","7013",NA,NA,NA
"370647395475652618","geoff","9356",NA,NA,NA
"370658559945474049","janguy","7832",NA,"e2fdab064a3cd42dbfdbefb524f9e5da",NA
"371124173222838283","quietstorm_sim","1207",NA,"7c34d4ce2914373d148e8e757996dcfa",NA
"371386323740917781","kljlk","2446",NA,NA,NA
"371474129385422848","AS","2853",NA,NA,NA
"373097044216381440","narcmap","5690",NA,NA,NA
"377277977035145226","AcronymExpander","0782","Acronym Expander",NA,NA
"378428477575135234","tinkywinky","4908",NA,"68e48e0382f45a4a7e82bba9471b9a12",NA
"379475621551669248","PrincessPeach","1267",NA,NA,NA
"381286184590245888","hanhan97","6556",NA,NA,NA
"382600209231773700","Pillow","7226",NA,NA,NA
"382767776793886722","‚àÇŒ±ŒΩ—î","8300",NA,"d897a28e1dab052ac60218bc6e3c506b",NA
"383093540365926410","trogdor","7257",NA,NA,NA
"385252297464086528","Victoria","9536",NA,NA,NA
"385364728719081472","Diana","4725",NA,"0a259e366f92ee2eb7d26f943aede54f",NA
"386304566746021891","xinauy","9755",NA,"d4ab99c78fe430d9c686c8677e1cc8c0",NA
"388241063111819264","DigBickThanos","3659",NA,"84ebf82d924ef492cb7f1276def9d92f",NA
"390143178797219840","jerl","6946",NA,"0904ef18e84cb5d375d1c1da0566f25d",NA
"392080421967495200","suicidalthottie","6180",NA,"02641b7b95cd5e4808a8ace511d2d16b",NA
"392215244820447232","tereziowns","9164",NA,NA,NA
"394069609885728778","kkc","0850",NA,NA,NA
"394228035152379904","Cold_TendernEsS","3509",NA,NA,NA
"395313975643996160","sibewolf","9512",NA,NA,NA
"395856226874818560","123tl","5786",NA,NA,NA
"396728477220339712","kona314","9814",NA,NA,NA
"397157453059457024","boora_bee","4726",NA,"d64b20b8f4bb55d159adb6d84bafdaeb",NA
"397509295018606593","Staunch Soldier","2358",NA,NA,NA
"398058516725891073","djanninie","8701","yeeet","436b062444a7354f13928536d22a2dfd",NA
"398169568515850240","Thestroyer","4756",NA,NA,NA
"399439087318073344","audrey","7487",NA,NA,NA
"399781351571849218","Huh?","2260",NA,NA,NA
"399798577414799360","Meghana","1977",NA,NA,NA
"400003582428184577","Gurren23","9960",NA,NA,NA
"400458844955869185","BRIAN","8358",NA,NA,NA
"400492783489515530","Cheetah","0498",NA,NA,NA
"400536345732448297","wolf_32","1877",NA,NA,NA
"400663068633202688","anoymuse","1720",NA,NA,NA
"401539500880297995","imnuts277","5190",NA,NA,NA
"401886763288887297","husky","6967",NA,NA,NA
"402985117733093378","faneru","5800",NA,NA,NA
"402996740837474305","uhhhhh","7704",NA,NA,NA
"403035502397227010","dubzzup","2776",NA,NA,NA
"403298058642784266","mkhsu","1843",NA,NA,NA
"403370425549062154","NgoGiaBao","2507",NA,"d1d6bd99940c123f66d16ee58f8bdb4d",NA
"404105656774426625","üê≥üê≥","1193",NA,NA,NA
"404757269331443723","yb4","0560",NA,NA,NA
"404931153901125632","ProteinShakes","4138",NA,NA,NA
"405140042634231852","Rainbow Dash","3348","banned","a7f1fe7e1ee8d6a707255eedd9214394",NA
"405465094609174531","Vibhu","8371",NA,NA,NA
"405468522693656597","JonSanders","3803",NA,"e4010b287a419ee88224619adcd7472e",NA
"407540981064400896","yichenwang","1802",NA,NA,NA
"408737107188645898","JamieB","0920",NA,NA,NA
"408787700012023808","ts","2602",NA,NA,NA
"409199301596807188","NeilFlodin","2348",NA,NA,NA
"409216175013363712","kyliebooboo","1666",NA,"61a6c43da82354fe650a930de8a1e6a9",NA
"409239973082955777","mbaradat","6903",NA,NA,NA
"409270100605140993","wanderer","1948",NA,NA,NA
"409429166916894720","blueberry","1987",NA,NA,NA
"409503643935440897","max121","1702",NA,NA,NA
"409611789656129536","alberto","2276",NA,NA,NA
"409627400431861760","underthewater","6094",NA,NA,NA
"410238228545798144","rs","4723",NA,NA,NA
"411091665818746881","raider30","5499",NA,NA,NA
"411294317907279873","PZEZ18","4172",NA,NA,NA
"412186733380108299","evo","1564",NA,NA,NA
"412871213837320192","Sea","8417",NA,NA,NA
"413117231199944706","gmreddington","6441",NA,NA,NA
"413119403539038210","Harry","4683",NA,NA,NA
"413123691874877440","asdasd22ff1","1621",NA,NA,NA
"413125432104321034","Corey","6788",NA,"af37a9682a9fb7afd5fac0a09d0d8699",NA
"413136481968717834","lll","2333",NA,NA,NA
"413235505669341186","umm","6325",NA,NA,NA
"413237925204197379","oscar","9057",NA,NA,NA
"413238773128888332","deeoeraclea","6596",NA,NA,NA
"413242292078379008","wubs","6676",NA,NA,NA
"413417460990214144","Antbro","7113",NA,NA,NA
"413422159336046605","Fremont","1950",NA,NA,NA
"413453610840752138","annie","8487",NA,NA,NA
"413526690271330307","TriTownBoi","0527",NA,NA,NA
"413535441736957963","Naan","3423",NA,"658296c3ead9e25f711c9d686d97a756",NA
"413571565012254720","dubs-luva","0223",NA,NA,NA
"413628543541444609","owentam","4642",NA,NA,NA
"413954035859587073","yuduhb","2385",NA,NA,NA
"414144132567793684","loveydovey","6954",NA,"50414a01fc0728bebc8077434e2c6608",NA
"414249640582709278","Malia Clark","3002",NA,"8c7f9ddb518343068ec9f720c5f81ac5",NA
"414425446369853450","lkm","7903",NA,NA,NA
"414582700955926530","fizzieboi","4585",NA,NA,NA
"414601336596987914","musharna","8187",NA,NA,NA
"414998950630653952","tina","0037",NA,NA,NA
"415030816658423811","kakao","9614",NA,NA,NA
"415052624602333185","Crueler","4593",NA,NA,NA
"415075055391735809","Samantha14","2926",NA,NA,NA
"415244864222134274","sidv","2625",NA,NA,NA
"415314363511996437","wubadubdubs","6435",NA,NA,NA
"415317074756239360","willem","2212",NA,"9a9074ebe258bd781ae45414dea7f552",NA
"415388737103724546","Jemma","0452",NA,NA,NA
"415393653733982218","dyingminh","9505",NA,NA,NA
"415422278730252289","Badboy Luxury","3106",NA,"99e3fef99ad8be5422ea4395731715b7",NA
"415546689592623104","MG120","6737",NA,NA,NA
"415590776509169666","kauto","2608",NA,NA,NA
"415675885564198934","Daniel Cook","5774",NA,NA,NA
"415693870517452811","idunno","9727",NA,NA,NA
"415694771995017227","Maverna","7060",NA,"d1b077374de3558240ef068fe21f5c06",NA
"416148609168572416","okonkwos_gun","5107",NA,"ed675decb3f7aa79e0d921c2b2ebe711",NA
"416403618565193739","Tae","5956",NA,NA,NA
"417054150740934665","pinkegobox","6633",NA,"f6998e193d32e520413674a71810534a",NA
"417455319564812308","uw2021","8542",NA,NA,NA
"417669090769895424","dsaf","5549",NA,NA,NA
"417846553265307649","GodIsACat","6281",NA,"c103c126e2b47fdbf5ebfb477b76ab63",NA
"417900829409017886","adelaidavvv","8056",NA,"6eb59b9b10ce05ebf2e6198b71d0d8a6",NA
"418266754385444864","vanilla_sunday","7293",NA,NA,NA
"418740750323548171","hiyacynth","0638",NA,"be7cd33d26294e7f388774ebd2ddb0a8",NA
"418916185418104842","jimmy","3030",NA,NA,NA
"420035290447478803","Ancillary bot","4644",NA,NA,TRUE
"420078483570425868","JJ","2479",NA,NA,NA
"421171714974810124","SarcaCircus","9271",NA,"d0666e1efec15dabfcb90fb6f4f3e4e7",NA
"422166400405078046","Momi","9744",NA,NA,NA
"422233574738231296","vargs77","3960",NA,NA,NA
"422236484616323074","???","4979",NA,NA,NA
"422237185723334656","red","2860",NA,NA,NA
"422274404110696468","ghjk","0337",NA,NA,NA
"422300032637599770","asdzxc123","0136",NA,NA,NA
"422316181412642818","spiro","3032",NA,NA,NA
"422323947363762187","uw","0119",NA,NA,NA
"422334727903510538","endrealt0","2314",NA,NA,NA
"422336222825021453","Huskay","8538",NA,"62dc00c61f10953963dc054c67bc7e53",NA
"422356560006873094","Mali","1612",NA,NA,NA
"422382115687235584","nakedhulk","0258",NA,"4b6ca6707f2b561a68833e41aa8a4389",NA
"422451667296845826","Lukas","5196",NA,NA,NA
"422458030043561994","dfghjk","6624",NA,NA,NA
"422468565954854944","Ben H","0170",NA,NA,NA
"422542059132420107","yuh","6285",NA,NA,NA
"422588531643383810","W/R/I/T/E/R","8280",NA,NA,NA
"422676094550802433","mn","7780",NA,NA,NA
"422753251411361793","Shaurya","9577",NA,"2e677edb3552648c55bb749863d62406",NA
"422844492467535882","Huskified","4397",NA,NA,NA
"422924547302490122","Bryant","9973",NA,NA,NA
"422960289714274305","tina","9674",NA,NA,NA
"422996431868002315","anotherblue","2665",NA,NA,NA
"422997321609904128","Ba3301","7679",NA,"70ea48de4fe8e876e85f50cfefb3604d",NA
"423041245997170688","yah","5220",NA,NA,NA
"423163293151002625","djmixerc","5103",NA,NA,NA
"423553447233585152","Saracha","7326",NA,"0dd575433ae9577d6421e7dc683f2177",NA
"423597875185057793","joe12354","3866",NA,NA,NA
"423611648096600065","Sal","7732",NA,NA,NA
"423733452844826624","joe5465456","2516",NA,NA,NA
"423861039176613904","wolfmanbrody","4622",NA,"3a9f20eaedab8ed7d3f95e2db4db1485",NA
"423943332138582028","RandLog","3503",NA,NA,NA
"424045977389760513","Niets","2191",NA,"0902f342136eeb3ed3879ba833b05958",NA
"424183790110375937","farzam","2174",NA,NA,NA
"424315667123273738","Andrew1998","5709",NA,NA,NA
"424680657445453824","wp2014","2506",NA,NA,NA
"425072106355556353","Sal","8401",NA,NA,NA
"425141986908176386","Conner","3054",NA,NA,NA
"425241589040939009","ENTHUW","1521",NA,NA,NA
"425891534253326336","Husky74","4693",NA,NA,NA
"426970766517731348","onlyjeongguk","7222",NA,NA,NA
"426983524017373184","mrkpoplover","8374",NA,"63c9d60baf8ddd36a6cce2188d8331b0",NA
"427588242473353241","juju96","2266",NA,NA,NA
"427964781459275779","FourScore","0389",NA,NA,NA
"427966171753611295","Conner","8081",NA,NA,NA
"428463544892391434","crafted","3309","ü•™ Crafted ü•™","14df40781d91d425defef5c5439cc35f",NA
"429068465500979231","ElMartillo","9768",NA,"096bbb9fce18edaeca7dbfaa9ca86cc0",NA
"430863459115204608","Orhan","0323",NA,NA,NA
"431228402595397653","peepers","8361",NA,NA,NA
"431548837149016064","Samuel","7907",NA,NA,NA
"431598132636286976","Sal","3450",NA,NA,NA
"431649017701597186","mogician","9056",NA,NA,NA
"432784265843834881","Malia C","0564",NA,NA,NA
"433560292597694466","arcsin","0445",NA,NA,NA
"435506299849932811","dr_josharoooo","3707",NA,"52f66b53c82e06aeaa930b6b9b700d06",NA
"435890404450107395","Space_Testes","5359",NA,NA,NA
"436072561743364097","RobinGroot","3659",NA,NA,NA
"436391875017048064","plutotexas","5700",NA,NA,NA
"436723968834273280","..ll","4358",NA,NA,NA
"437361840750592011","TOTAL FUCKING MCCHICKEN","9635",NA,"a47d2319c81a672453c3d7648474989d",NA
"437441453619281931","SaleeshC","9784",NA,NA,NA
"437714194976997376","kp","2914",NA,NA,NA
"437982858276241408","lillyb3","8500",NA,NA,NA
"438835382730358784","Jimbo","1504",NA,NA,NA
"439205512425504771","NotSoBot","9555",NA,"ed79680e6df20be63efcc708a32a3eab",TRUE
"440022444103696384","iamtrey","9234",NA,NA,NA
"440714375662403584","I hate –ë–æ—Ä–∫ and –ê–±–∞–ª","5918",NA,"beba882403695470b82d510a66a021c7",NA
"441631226638499841","Leeroy","6283",NA,NA,NA
"441765607092781067","jess","7763",NA,NA,NA
"442400281045630976","Quallobb","2929",NA,NA,NA
"443502956311085066","PK","5934",NA,NA,NA
"444029397616558080","sal","8870",NA,"8066cf268c7bdfb782be593ef8a390dd",NA
"446535706475626496","UnStuffedBunny","4900",NA,"5309652fe44ec2581b15ace2f22e902e",NA
"447614155453890570","thorstenl312","5956",NA,NA,NA
"448223358216175620","ezturner","8464",NA,NA,NA
"448604401838456832","rayjaelee","7213",NA,NA,NA
"448604402421465097","Jonah Wu","7975",NA,NA,NA
"448692153347080192","An0nym0us57","1732",NA,NA,NA
"449279370473897984","joj","5756",NA,NA,NA
"449281929318105089","dreamMachine","0802",NA,NA,NA
"449355803288141824","jj\","9326",NA,NA,NA
"449390694998605824","link278","5586",NA,NA,NA
"449395130852442134","F-Stop-Fitzgerald","2584",NA,NA,NA
"449402776519442442","TheVoiceOfRaisin","7760",NA,NA,NA
"449489809191469058","norb","5014",NA,NA,NA
"449511034148093963","???","4442",NA,NA,NA
"449681301876899843","plen","5748",NA,NA,NA
"449764701921083392","blah","3562",NA,NA,NA
"450011439944695819","Ayaya","0044",NA,"bd431fb11c85a8dc4dce007ff3d42bf8",NA
"450050834621923348","lll","6604",NA,NA,NA
